{"cameraMode":{"drawMode":0,"name":"Shaded","section":"Shading Mode"},"sceneLighting":true,"audioPlay":false,"sceneViewState":{"m_AlwaysRefresh":false,"showFog":true,"showSkybox":true,"showFlares":true,"showImageEffects":true,"showParticleSystems":true,"showVisualEffectGraphs":true,"m_FxEnabled":true},"in2DMode":false,"pivot":{"x":-0.30674314498901369,"y":0.3976213335990906,"z":0.9778385162353516},"rotation":{"x":0.0906963124871254,"y":-0.007469381205737591,"z":0.0006800221162848175,"w":0.9958524107933044},"size":2.6737210750579836,"orthographic":false}