{"cameraMode":{"drawMode":0,"name":"Shaded","section":"Shading Mode"},"sceneLighting":true,"audioPlay":false,"sceneViewState":{"m_AlwaysRefresh":false,"showFog":true,"showSkybox":true,"showFlares":true,"showImageEffects":true,"showParticleSystems":true,"showVisualEffectGraphs":true,"m_FxEnabled":true},"in2DMode":false,"pivot":{"x":-0.29577159881591799,"y":0.33310961723327639,"z":1.3357856273651124},"rotation":{"x":-0.2127925455570221,"y":0.3379000723361969,"z":-0.07858827710151673,"w":-0.9134773015975952},"size":10.571748733520508,"orthographic":true}